dataset,tool,composite_score,recourse_cost
German_Credit,DiCE,5,0.571
German_Credit,DiCE,5,0.3794
German_Credit,DiCE,5,1.3333
German_Credit,DiCE,5,0.7382
German_Credit,DiCE,5,1.0672
German_Credit,DiCE,5,0.5
German_Credit,DiCE,5,0.681
German_Credit,DiCE,5,0.75
German_Credit,DiCE,5,1.1833
German_Credit,DiCE,5,0.375
German_Credit,DiCE,5,0.752
German_Credit,DiCE,5,0.9667
German_Credit,DiCE,5,0.1176
German_Credit,DiCE,5,0.0471
German_Credit,DiCE,5,0.4282
German_Credit,DiCE,5,0.5
German_Credit,DiCE,5,0.4377
German_Credit,DiCE,5,0.1735
German_Credit,DiCE,5,0.3868
German_Credit,DiCE,5,0.31
German_Credit,DiCE,5,0.4119
German_Credit,DiCE,5,0.3936
German_Credit,DiCE,5,0.4102
German_Credit,DiCE,5,0.4145
German_Credit,DiCE,5,0.3083
German_Credit,DiCE,5,0.8833
German_Credit,DiCE,5,1.4603
German_Credit,DiCE,5,0.9029
German_Credit,DiCE,5,0.35
German_Credit,DiCE,5,0.8333
German_Credit,DiCE,5,0.5096
German_Credit,DiCE,5,0.8833
German_Credit,DiCE,5,0.5
German_Credit,DiCE,5,0.8544
German_Credit,DiCE,5,1.3
German_Credit,DiCE,5,1.5167
German_Credit,DiCE,5,1.2632
German_Credit,DiCE,5,0.9333
German_Credit,DiCE,5,0.1485
German_Credit,DiCE,5,1.8333
German_Credit,DiCE,5,1.3
German_Credit,DiCE,5,1.5656
German_Credit,DiCE,5,0.6662
German_Credit,DiCE,5,0.727
German_Credit,DiCE,5,0.9
German_Credit,DiCE,5,0.1735
German_Credit,DiCE,5,0.5838
German_Credit,DiCE,5,0.25
German_Credit,DiCE,5,0.927
German_Credit,DiCE,5,0.632
German_Credit,DiCE,5,0.391
German_Credit,DiCE,5,0.9045
German_Credit,DiCE,5,0.4176
German_Credit,DiCE,5,0.6326
German_Credit,DiCE,5,1.1333
German_Credit,DiCE,5,0.4294
German_Credit,DiCE,5,0.1765
German_Credit,DiCE,5,0.625
German_Credit,DiCE,5,0.7603
German_Credit,DiCE,5,1.3407
German_Credit,DiCE,5,0.2706
German_Credit,DiCE,5,0.2731
German_Credit,DiCE,5,1.0333
German_Credit,DiCE,5,1.45
German_Credit,DiCE,5,0.9667
German_Credit,DiCE,5,0.4505
German_Credit,DiCE,5,0.0456
German_Credit,DiCE,5,0.4333
German_Credit,DiCE,5,0.4333
German_Credit,DiCE,5,1.0
German_Credit,DiCE,5,0.1158
German_Credit,DiCE,5,0.9011
German_Credit,DiCE,5,0.2162
German_Credit,DiCE,5,0.95
German_Credit,DiCE,5,1.3333
German_Credit,DiCE,5,0.8167
German_Credit,DiCE,5,0.5667
German_Credit,DiCE,5,0.5957
German_Credit,DiCE,5,1.2539
German_Credit,DiCE,5,0.5833
German_Credit,DiCE,5,0.5
German_Credit,DiCE,5,0.3059
German_Credit,DiCE,5,0.4333
German_Credit,DiCE,5,0.6
German_Credit,DiCE,5,0.6667
German_Credit,DiCE,5,0.9544
German_Credit,DiCE,5,1.2333
German_Credit,DiCE,5,0.6603
German_Credit,DiCE,5,0.3555
German_Credit,DiCE,5,0.6678
German_Credit,DiCE,5,1.0333
German_Credit,DiCE,5,0.4211
German_Credit,DiCE,5,0.4
German_Credit,DiCE,5,0.0868
German_Credit,DiCE,5,0.2647
German_Credit,DiCE,5,1.75
German_Credit,DiCE,5,1.3649
German_Credit,DiCE,5,0.4324
German_Credit,DiCE,5,1.45
German_Credit,DiCE,5,0.4804
German_Credit,DiCE,5,0.1353
German_Credit,DiCE,5,0.8667
German_Credit,DiCE,5,1.0124
German_Credit,DiCE,5,0.6667
German_Credit,DiCE,5,1.0917
German_Credit,DiCE,5,0.0966
German_Credit,DiCE,5,0.5359
German_Credit,DiCE,5,0.5092
German_Credit,DiCE,5,0.0765
German_Credit,DiCE,5,0.5577
German_Credit,DiCE,5,0.6
German_Credit,DiCE,5,1.2279
German_Credit,DiCE,5,1.1
German_Credit,DiCE,5,0.5824
German_Credit,DiCE,5,0.5926
German_Credit,DiCE,5,0.4426
German_Credit,DiCE,5,0.0853
German_Credit,DiCE,5,0.2721
German_Credit,DiCE,5,0.45
German_Credit,DiCE,5,1.9
German_Credit,DiCE,5,0.3848
German_Credit,DiCE,5,1.1
German_Credit,DiCE,5,0.45
German_Credit,DiCE,5,0.9804
German_Credit,DiCE,5,0.5686
German_Credit,DiCE,5,1.0316
German_Credit,DiCE,5,0.4299
German_Credit,DiCE,5,0.3532
German_Credit,DiCE,5,0.6008
German_Credit,DiCE,5,0.4765
German_Credit,DiCE,5,0.9221
German_Credit,DiCE,5,1.2446
German_Credit,DiCE,5,0.5676
German_Credit,DiCE,5,0.6441
German_Credit,DiCE,5,0.377
German_Credit,DiCE,5,0.1838
German_Credit,DiCE,5,0.2794
German_Credit,DiCE,5,0.6779
German_Credit,DiCE,5,0.6667
German_Credit,DiCE,5,0.844
German_Credit,DiCE,5,1.5
German_Credit,DiCE,5,0.7504
German_Credit,Wachter,4,0.1332
German_Credit,Wachter,4,0.1095
German_Credit,Wachter,4,0.0552
German_Credit,DiCE,5,0.4029
German_Credit,DiCE,5,0.4044
German_Credit,DiCE,5,1.0181
German_Credit,DiCE,5,1.5333
German_Credit,DiCE,5,1.8333
German_Credit,DiCE,5,0.8407
German_Credit,DiCE,5,1.2667
German_Credit,DiCE,5,0.1426
German_Credit,DiCE,5,0.4294
German_Credit,DiCE,5,1.5647
German_Credit,DiCE,5,0.8941
German_Credit,DiCE,5,0.5647
German_Credit,DiCE,5,0.501
German_Credit,DiCE,5,0.3368
German_Credit,DiCE,5,1.75
German_Credit,DiCE,5,0.9
German_Credit,DiCE,5,0.6608
German_Credit,DiCE,5,1.0738
German_Credit,DiCE,5,0.2176
German_Credit,DiCE,5,0.3897
German_Credit,DiCE,5,0.5333
German_Credit,DiCE,5,1.0321
German_Credit,DiCE,5,0.731
German_Credit,DiCE,5,1.5
German_Credit,DiCE,5,1.55
German_Credit,DiCE,5,0.7
German_Credit,DiCE,5,0.3926
German_Credit,DiCE,5,0.2334
German_Credit,DiCE,5,0.3456
German_Credit,DiCE,5,0.5588
German_Credit,DiCE,5,0.3088
German_Credit,DiCE,5,1.3368
German_Credit,DiCE,5,0.5176
German_Credit,DiCE,5,1.3701
German_Credit,DiCE,5,0.2809
German_Credit,DiCE,5,0.6054
German_Credit,DiCE,5,0.3176
German_Credit,DiCE,5,0.9417
German_Credit,DiCE,5,0.4
German_Credit,DiCE,5,0.6333
German_Credit,DiCE,5,0.451
German_Credit,DiCE,5,0.5118
German_Credit,DiCE,5,0.3147
German_Credit,DiCE,5,1.3373
German_Credit,DiCE,5,1.1956
German_Credit,DiCE,5,0.6461
German_Credit,DiCE,5,0.6667
German_Credit,DiCE,5,0.7412
German_Credit,DiCE,5,0.4176
German_Credit,DiCE,5,1.0
German_Credit,DiCE,5,0.6441
German_Credit,DiCE,5,0.3972
German_Credit,DiCE,5,0.3867
German_Credit,DiCE,5,1.2441
German_Credit,DiCE,5,0.6972
German_Credit,DiCE,5,0.8529
German_Credit,DiCE,5,0.6326
German_Credit,DiCE,5,0.0616
German_Credit,DiCE,5,1.1273
German_Credit,DiCE,5,1.282
German_Credit,DiCE,5,1.25
German_Credit,DiCE,5,1.0985
German_Credit,DiCE,5,0.3338
German_Credit,DiCE,5,0.8794
German_Credit,DiCE,5,0.1686
German_Credit,DiCE,5,0.1324
German_Credit,DiCE,5,0.316
German_Credit,DiCE,5,0.2745
German_Credit,DiCE,5,0.45
German_Credit,DiCE,5,0.3603
German_Credit,DiCE,5,0.3441
German_Credit,DiCE,5,0.4544
German_Credit,DiCE,5,1.0833
German_Credit,DiCE,5,0.3854
German_Credit,DiCE,5,0.0882
German_Credit,DiCE,5,1.0333
German_Credit,DiCE,5,0.3735
German_Credit,DiCE,5,0.3382
German_Credit,DiCE,5,0.4015
German_Credit,DiCE,5,1.0222
German_Credit,DiCE,5,0.1088
German_Credit,DiCE,5,0.4338
German_Credit,DiCE,5,1.5333
German_Credit,DiCE,5,1.0
German_Credit,DiCE,5,0.563
German_Credit,DiCE,5,0.9667
German_Credit,DiCE,5,1.0
German_Credit,DiCE,5,1.0
German_Credit,DiCE,5,1.0044
German_Credit,DiCE,5,1.0868
German_Credit,DiCE,5,0.7971
German_Credit,DiCE,5,1.1667
German_Credit,DiCE,5,0.6243
German_Credit,DiCE,5,0.9
German_Credit,DiCE,5,0.3542
German_Credit,DiCE,5,0.762
German_Credit,DiCE,5,1.3333
German_Credit,DiCE,5,0.6
German_Credit,DiCE,5,1.202
German_Credit,DiCE,5,0.1132
German_Credit,DiCE,5,1.0167
German_Credit,DiCE,5,0.2564
German_Credit,DiCE,5,0.3469
German_Credit,DiCE,5,1.0471
German_Credit,DiCE,5,0.5234
German_Credit,DiCE,5,0.5883
German_Credit,DiCE,5,0.7667
German_Credit,DiCE,5,1.3833
German_Credit,DiCE,5,0.4218
German_Credit,DiCE,5,1.2667
German_Credit,DiCE,5,1.05
German_Credit,DiCE,5,0.0971
German_Credit,DiCE,5,0.2309
German_Credit,DiCE,5,0.44
German_Credit,DiCE,5,0.55
German_Credit,DiCE,5,0.4329
German_Credit,DiCE,5,1.0
German_Credit,DiCE,5,0.2
German_Credit,DiCE,5,1.9333
German_Credit,DiCE,5,0.054
German_Credit,DiCE,5,0.5713
German_Credit,DiCE,5,0.2149
German_Credit,DiCE,5,0.2626
German_Credit,DiCE,5,0.672
German_Credit,DiCE,5,0.5456
German_Credit,DiCE,5,0.6461
German_Credit,DiCE,5,0.65
German_Credit,DiCE,5,0.95
German_Credit,DiCE,5,0.1877
German_Credit,DiCE,5,0.1471
German_Credit,DiCE,5,0.3917
German_Credit,DiCE,5,0.2132
German_Credit,DiCE,5,0.7824
German_Credit,DiCE,5,0.4456
German_Credit,DiCE,5,0.25
German_Credit,DiCE,5,0.9676
German_Credit,DiCE,5,0.2591
German_Credit,DiCE,5,0.9667
German_Credit,DiCE,5,0.0196
German_Credit,DiCE,5,0.2238
German_Credit,DiCE,5,0.8833
German_Credit,DiCE,5,1.034
German_Credit,DiCE,5,0.4333
German_Credit,DiCE,5,0.7803
German_Credit,DiCE,5,0.4095
German_Credit,DiCE,5,0.4585
German_Credit,DiCE,5,0.5418
German_Credit,DiCE,5,0.145
German_Credit,DiCE,5,0.7947
German_Credit,DiCE,5,0.7768
German_Credit,DiCE,5,0.5735
German_Credit,DiCE,5,1.3632
German_Credit,DiCE,5,0.8333
German_Credit,DiCE,5,0.6118
German_Credit,DiCE,5,0.2753
German_Credit,DiCE,5,1.3873
German_Credit,DiCE,5,0.8667
German_Credit,DiCE,5,0.9706
German_Credit,DiCE,5,0.4559
German_Credit,DiCE,5,0.9578
German_Credit,DiCE,5,1.0167
German_Credit,DiCE,5,0.1417
German_Credit,DiCE,5,0.95
German_Credit,DiCE,5,0.9
German_Credit,DiCE,5,0.6667
German_Credit,DiCE,5,0.65
German_Credit,DiCE,5,1.0116
German_Credit,DiCE,5,0.1594
German_Credit,DiCE,5,0.8333
German_Credit,DiCE,5,0.6354
German_Credit,DiCE,5,0.2727
German_Credit,Wachter,4,0.16
German_Credit,Wachter,4,0.0547
Taiwan_Credit,DiCE,5,0.52
Taiwan_Credit,DiCE,5,0.5746
Taiwan_Credit,DiCE,5,0.2035
Taiwan_Credit,DiCE,5,0.8974
Taiwan_Credit,DiCE,5,0.9857
Taiwan_Credit,DiCE,5,0.3754
Taiwan_Credit,DiCE,5,1.0386
Taiwan_Credit,DiCE,5,0.7528
Taiwan_Credit,DiCE,5,0.8187
Taiwan_Credit,DiCE,5,0.4978
Taiwan_Credit,DiCE,5,0.35
Taiwan_Credit,DiCE,4,0.1467
Taiwan_Credit,DiCE,5,0.4261
Taiwan_Credit,DiCE,5,0.4567
Taiwan_Credit,DiCE,5,0.4045
Taiwan_Credit,DiCE,5,0.7639
Taiwan_Credit,DiCE,5,1.1334
Taiwan_Credit,DiCE,5,0.8108
Taiwan_Credit,DiCE,5,1.1838
Taiwan_Credit,DiCE,5,0.7207
Taiwan_Credit,DiCE,5,0.22
Taiwan_Credit,DiCE,5,0.6708
Taiwan_Credit,DiCE,5,0.7507
Taiwan_Credit,DiCE,5,0.13
Taiwan_Credit,DiCE,5,0.32
Taiwan_Credit,DiCE,5,0.16
Taiwan_Credit,DiCE,5,0.5431
Taiwan_Credit,DiCE,5,0.9389
Taiwan_Credit,DiCE,5,0.2651
Taiwan_Credit,DiCE,5,0.1928
Taiwan_Credit,DiCE,5,0.413
Taiwan_Credit,DiCE,5,0.4095
Taiwan_Credit,DiCE,5,0.28
Taiwan_Credit,DiCE,5,0.4282
Taiwan_Credit,DiCE,5,0.6202
Taiwan_Credit,DiCE,5,0.54
Taiwan_Credit,DiCE,5,0.4073
Taiwan_Credit,DiCE,5,0.36
Taiwan_Credit,DiCE,5,0.1947
Taiwan_Credit,DiCE,5,0.6232
Taiwan_Credit,DiCE,5,0.4
Taiwan_Credit,DiCE,5,0.6473
Taiwan_Credit,DiCE,5,0.08
Taiwan_Credit,DiCE,5,0.4067
Taiwan_Credit,DiCE,5,0.37
Taiwan_Credit,DiCE,5,0.5823
Taiwan_Credit,DiCE,5,1.4134
Taiwan_Credit,DiCE,5,0.4446
Taiwan_Credit,DiCE,5,0.19
Taiwan_Credit,DiCE,5,0.929
Taiwan_Credit,DiCE,5,0.2
Taiwan_Credit,DiCE,5,0.4724
Taiwan_Credit,DiCE,5,0.2805
Taiwan_Credit,DiCE,5,0.1333
Taiwan_Credit,DiCE,5,1.0797
Taiwan_Credit,DiCE,5,1.1515
Taiwan_Credit,DiCE,5,0.5233
Taiwan_Credit,DiCE,5,0.1067
Taiwan_Credit,DiCE,5,0.518
Taiwan_Credit,DiCE,5,0.4367
Taiwan_Credit,DiCE,5,1.1233
Taiwan_Credit,DiCE,5,1.0087
Taiwan_Credit,DiCE,5,0.1768
Taiwan_Credit,DiCE,5,0.9894
Taiwan_Credit,DiCE,5,0.476
Taiwan_Credit,DiCE,5,0.3455
Taiwan_Credit,DiCE,5,1.1173
Taiwan_Credit,DiCE,5,0.4739
Taiwan_Credit,DiCE,5,0.1142
Taiwan_Credit,DiCE,5,0.14
Taiwan_Credit,DiCE,5,0.2671
Taiwan_Credit,DiCE,5,0.8401
Taiwan_Credit,DiCE,5,0.6641
Taiwan_Credit,DiCE,5,0.31
Taiwan_Credit,DiCE,5,0.34
Taiwan_Credit,DiCE,5,0.9526
Taiwan_Credit,DiCE,5,0.4852
Taiwan_Credit,DiCE,5,0.8992
Taiwan_Credit,DiCE,5,1.2336
Taiwan_Credit,DiCE,5,0.5746
Taiwan_Credit,DiCE,5,0.3116
Taiwan_Credit,DiCE,5,1.1696
Taiwan_Credit,DiCE,5,0.2723
Taiwan_Credit,DiCE,5,0.0933
Taiwan_Credit,DiCE,5,0.4967
Taiwan_Credit,DiCE,5,0.4957
Taiwan_Credit,DiCE,5,0.33
Taiwan_Credit,DiCE,5,1.3072
Taiwan_Credit,DiCE,5,0.11
Taiwan_Credit,DiCE,5,0.4034
Taiwan_Credit,DiCE,5,0.912
Taiwan_Credit,DiCE,5,0.9394
Taiwan_Credit,DiCE,5,0.28
Taiwan_Credit,DiCE,5,0.8763
Taiwan_Credit,DiCE,5,0.5718
Taiwan_Credit,DiCE,5,0.9308
Taiwan_Credit,DiCE,5,0.26
Taiwan_Credit,DiCE,5,0.5753
Taiwan_Credit,DiCE,5,0.4674
Taiwan_Credit,DiCE,5,0.3588
Taiwan_Credit,DiCE,5,0.4686
Taiwan_Credit,DiCE,5,0.5167
Taiwan_Credit,DiCE,5,0.1964
Taiwan_Credit,DiCE,5,0.6078
Taiwan_Credit,DiCE,5,0.8831
Taiwan_Credit,DiCE,5,0.3328
Taiwan_Credit,DiCE,5,0.4815
Taiwan_Credit,DiCE,5,0.8223
Taiwan_Credit,DiCE,5,0.33
Taiwan_Credit,DiCE,5,0.0472
Taiwan_Credit,DiCE,5,1.1763
Taiwan_Credit,DiCE,5,0.5667
Taiwan_Credit,DiCE,5,0.7309
Taiwan_Credit,DiCE,5,0.9758
Taiwan_Credit,DiCE,5,0.42
Taiwan_Credit,DiCE,5,0.4753
Taiwan_Credit,DiCE,5,0.1643
Taiwan_Credit,DiCE,5,0.6359
Taiwan_Credit,DiCE,5,0.027
Taiwan_Credit,DiCE,5,0.9784
Taiwan_Credit,DiCE,5,0.259
Taiwan_Credit,DiCE,5,0.5521
Taiwan_Credit,DiCE,5,0.3253
Taiwan_Credit,DiCE,5,0.2683
Taiwan_Credit,DiCE,5,0.27
Taiwan_Credit,DiCE,5,0.443
Taiwan_Credit,DiCE,5,0.9974
Taiwan_Credit,DiCE,5,0.47
Taiwan_Credit,DiCE,5,0.4623
Taiwan_Credit,DiCE,5,0.6333
Taiwan_Credit,DiCE,5,0.931
Taiwan_Credit,DiCE,5,0.6344
Taiwan_Credit,DiCE,5,1.0737
Taiwan_Credit,DiCE,5,0.509
Taiwan_Credit,DiCE,5,1.1211
Taiwan_Credit,DiCE,5,0.3933
Taiwan_Credit,DiCE,5,0.17
Taiwan_Credit,DiCE,5,0.6018
Taiwan_Credit,DiCE,5,0.4767
Taiwan_Credit,DiCE,5,0.586
Taiwan_Credit,DiCE,5,0.8548
Taiwan_Credit,DiCE,5,0.269
Taiwan_Credit,DiCE,5,1.1179
Taiwan_Credit,DiCE,5,0.6405
Taiwan_Credit,DiCE,5,0.7856
Taiwan_Credit,DiCE,5,0.8036
Taiwan_Credit,DiCE,5,0.7723
Taiwan_Credit,DiCE,5,0.8952
Taiwan_Credit,DiCE,5,0.2067
Taiwan_Credit,DiCE,5,0.8754
Taiwan_Credit,DiCE,5,0.1191
Taiwan_Credit,DiCE,5,0.7767
Taiwan_Credit,DiCE,5,0.761
Taiwan_Credit,DiCE,5,0.5096
Taiwan_Credit,DiCE,5,0.5167
Taiwan_Credit,DiCE,5,0.9754
Taiwan_Credit,DiCE,5,0.14
Taiwan_Credit,DiCE,5,0.7869
Taiwan_Credit,DiCE,5,0.5666
Taiwan_Credit,DiCE,5,0.7139
Taiwan_Credit,DiCE,5,0.0314
Taiwan_Credit,DiCE,5,1.4395
Taiwan_Credit,DiCE,5,0.4
Taiwan_Credit,DiCE,5,0.08
Taiwan_Credit,DiCE,5,0.2
Taiwan_Credit,DiCE,5,0.4078
Taiwan_Credit,DiCE,5,1.1876
Taiwan_Credit,DiCE,5,0.9656
Taiwan_Credit,DiCE,5,0.9491
Taiwan_Credit,DiCE,5,0.3261
Taiwan_Credit,DiCE,5,0.32
Taiwan_Credit,DiCE,5,0.5858
Taiwan_Credit,DiCE,5,0.9233
Taiwan_Credit,DiCE,5,0.3026
Taiwan_Credit,DiCE,5,0.8556
Taiwan_Credit,DiCE,5,0.1888
Taiwan_Credit,DiCE,5,0.2571
Taiwan_Credit,DiCE,5,0.385
Taiwan_Credit,DiCE,5,0.7803
Taiwan_Credit,DiCE,5,1.1327
Taiwan_Credit,DiCE,5,0.9936
Taiwan_Credit,DiCE,5,0.4724
Taiwan_Credit,DiCE,5,0.4404
Taiwan_Credit,DiCE,5,0.8837
Taiwan_Credit,DiCE,5,0.7544
Taiwan_Credit,DiCE,5,1.0862
Taiwan_Credit,DiCE,5,0.563
Taiwan_Credit,DiCE,5,0.8623
Taiwan_Credit,DiCE,5,1.0576
Taiwan_Credit,DiCE,5,0.9646
Taiwan_Credit,DiCE,5,0.613
Taiwan_Credit,DiCE,5,0.9894
Taiwan_Credit,DiCE,5,1.1404
Taiwan_Credit,DiCE,5,0.2767
Taiwan_Credit,DiCE,5,0.46
Taiwan_Credit,DiCE,5,0.5357
Taiwan_Credit,DiCE,5,0.6821
Taiwan_Credit,DiCE,5,0.24
Taiwan_Credit,DiCE,5,0.21
Taiwan_Credit,DiCE,5,0.2717
Taiwan_Credit,DiCE,5,0.2
Taiwan_Credit,DiCE,5,0.32
Taiwan_Credit,DiCE,5,0.1167
Taiwan_Credit,DiCE,5,0.7867
Taiwan_Credit,DiCE,5,0.33
Taiwan_Credit,DiCE,5,0.17
Taiwan_Credit,DiCE,5,1.0397
Taiwan_Credit,DiCE,5,0.42
Taiwan_Credit,DiCE,5,0.31
Taiwan_Credit,DiCE,5,1.5104
Taiwan_Credit,DiCE,5,0.28
Taiwan_Credit,DiCE,5,1.3545
Taiwan_Credit,DiCE,5,1.4675
Taiwan_Credit,DiCE,5,0.07
Taiwan_Credit,DiCE,5,1.1284
Taiwan_Credit,DiCE,5,0.5733
Taiwan_Credit,DiCE,5,0.23
Taiwan_Credit,DiCE,5,0.0806
Taiwan_Credit,DiCE,5,0.31
Taiwan_Credit,DiCE,5,0.8954
Taiwan_Credit,DiCE,5,0.9053
Taiwan_Credit,DiCE,5,1.0467
Taiwan_Credit,DiCE,5,1.3183
Taiwan_Credit,Wachter,4,0.151
Taiwan_Credit,Wachter,4,0.2027
Taiwan_Credit,Wachter,4,0.3358
Taiwan_Credit,Wachter,4,0.1453
Taiwan_Credit,Wachter,4,0.1063
Taiwan_Credit,Wachter,4,0.1686
Taiwan_Credit,Wachter,4,0.0501
Taiwan_Credit,Wachter,4,0.15
Taiwan_Credit,Wachter,4,0.1058
Taiwan_Credit,Wachter,4,0.2551
Taiwan_Credit,DiCE,5,0.19
Taiwan_Credit,DiCE,5,0.4344
Taiwan_Credit,DiCE,5,0.7953
Taiwan_Credit,DiCE,5,0.6172
Taiwan_Credit,DiCE,5,0.7996
Taiwan_Credit,DiCE,5,0.6596
Taiwan_Credit,DiCE,5,0.275
Taiwan_Credit,DiCE,5,0.5433
Taiwan_Credit,DiCE,5,0.6426
Taiwan_Credit,DiCE,5,0.62
Taiwan_Credit,DiCE,5,0.2141
Taiwan_Credit,DiCE,5,0.454
Taiwan_Credit,DiCE,5,0.15
Taiwan_Credit,DiCE,5,0.09
Taiwan_Credit,DiCE,5,0.1307
Taiwan_Credit,DiCE,5,1.239
Taiwan_Credit,DiCE,5,0.4391
Taiwan_Credit,DiCE,5,0.3963
Taiwan_Credit,DiCE,5,0.2075
Taiwan_Credit,DiCE,5,0.3167
Taiwan_Credit,DiCE,5,0.08
Taiwan_Credit,DiCE,5,0.5363
Taiwan_Credit,DiCE,5,0.2863
Taiwan_Credit,DiCE,5,0.1585
Taiwan_Credit,DiCE,5,0.5172
Taiwan_Credit,DiCE,5,0.5702
Taiwan_Credit,DiCE,5,0.4303
Taiwan_Credit,DiCE,5,1.1052
Taiwan_Credit,DiCE,5,0.492
Taiwan_Credit,DiCE,5,0.38
Taiwan_Credit,DiCE,5,0.8526
Taiwan_Credit,DiCE,5,0.7073
Taiwan_Credit,DiCE,5,0.9581
Taiwan_Credit,DiCE,5,0.7672
Taiwan_Credit,DiCE,5,0.2596
Taiwan_Credit,DiCE,5,0.1088
Taiwan_Credit,DiCE,5,0.5788
Taiwan_Credit,DiCE,5,0.22
Taiwan_Credit,DiCE,5,0.2844
Taiwan_Credit,DiCE,5,0.3007
Taiwan_Credit,DiCE,5,0.2
Taiwan_Credit,DiCE,5,0.6392
Taiwan_Credit,DiCE,5,0.6255
Taiwan_Credit,DiCE,5,0.4867
Taiwan_Credit,DiCE,5,0.26
Taiwan_Credit,DiCE,5,0.3633
Taiwan_Credit,DiCE,5,0.5782
Taiwan_Credit,DiCE,5,0.5207
Taiwan_Credit,DiCE,5,0.2
Taiwan_Credit,DiCE,5,0.06
Taiwan_Credit,DiCE,5,0.25
Taiwan_Credit,DiCE,5,0.8045
Taiwan_Credit,DiCE,5,0.4185
Taiwan_Credit,DiCE,5,0.18
Taiwan_Credit,DiCE,5,0.9226
Taiwan_Credit,DiCE,5,0.0711
Taiwan_Credit,DiCE,5,0.1786
Taiwan_Credit,DiCE,5,0.422
Taiwan_Credit,DiCE,5,0.0709
Taiwan_Credit,DiCE,5,1.3773
Taiwan_Credit,DiCE,5,0.57
Taiwan_Credit,DiCE,5,0.493
Taiwan_Credit,DiCE,5,0.4394
Taiwan_Credit,DiCE,5,0.45
Taiwan_Credit,DiCE,5,0.2501
Taiwan_Credit,DiCE,5,0.6075
Taiwan_Credit,DiCE,5,1.2175
Taiwan_Credit,DiCE,5,0.0408
Taiwan_Credit,DiCE,5,0.67
Taiwan_Credit,DiCE,5,0.1971
Taiwan_Credit,DiCE,5,0.2701
Taiwan_Credit,DiCE,5,0.4456
Taiwan_Credit,DiCE,5,0.6367
Taiwan_Credit,DiCE,5,0.8857
Taiwan_Credit,DiCE,5,0.1996
Taiwan_Credit,DiCE,5,0.8995
Taiwan_Credit,DiCE,5,1.2064
Taiwan_Credit,DiCE,5,0.7855
Taiwan_Credit,DiCE,5,0.5263
Taiwan_Credit,DiCE,5,0.1139
Taiwan_Credit,DiCE,5,0.8486
Taiwan_Credit,DiCE,5,1.1978
Taiwan_Credit,DiCE,5,0.5533
Taiwan_Credit,DiCE,5,0.8511
Taiwan_Credit,DiCE,5,0.4876
Taiwan_Credit,DiCE,5,0.21
Taiwan_Credit,DiCE,5,0.39
Taiwan_Credit,DiCE,5,0.4551
Taiwan_Credit,DiCE,5,1.0466
Taiwan_Credit,DiCE,5,0.5277
Taiwan_Credit,DiCE,5,0.3759
Taiwan_Credit,DiCE,5,0.77
Taiwan_Credit,DiCE,5,0.9596
Taiwan_Credit,DiCE,5,0.7954
Taiwan_Credit,DiCE,5,0.5619
Taiwan_Credit,DiCE,5,0.1
Taiwan_Credit,DiCE,5,0.8443
Taiwan_Credit,DiCE,5,0.5381
Taiwan_Credit,DiCE,5,0.8517
Taiwan_Credit,DiCE,5,1.065
Taiwan_Credit,DiCE,5,0.0908
Taiwan_Credit,DiCE,5,1.2312
Taiwan_Credit,DiCE,5,0.7325
Taiwan_Credit,DiCE,5,0.5633
Taiwan_Credit,DiCE,5,0.5576
Taiwan_Credit,DiCE,5,0.8048
Taiwan_Credit,DiCE,5,0.8933
Taiwan_Credit,DiCE,5,0.37
Taiwan_Credit,DiCE,5,0.3854
Taiwan_Credit,DiCE,5,0.57
Taiwan_Credit,DiCE,5,0.6503
Taiwan_Credit,DiCE,5,0.9982
Taiwan_Credit,DiCE,5,0.4818
Taiwan_Credit,DiCE,5,0.18
Taiwan_Credit,DiCE,5,0.5729
Taiwan_Credit,DiCE,5,0.9016
Taiwan_Credit,DiCE,5,0.3528
Taiwan_Credit,DiCE,5,0.4034
Taiwan_Credit,DiCE,5,0.0973
Taiwan_Credit,DiCE,5,0.0689
Taiwan_Credit,DiCE,5,0.27
Taiwan_Credit,DiCE,5,0.649
Taiwan_Credit,DiCE,5,1.0077
Taiwan_Credit,DiCE,5,0.9821
Taiwan_Credit,DiCE,5,0.29
Taiwan_Credit,DiCE,5,1.2361
Taiwan_Credit,DiCE,5,1.2773
Taiwan_Credit,DiCE,5,0.19
Taiwan_Credit,DiCE,5,0.25
Taiwan_Credit,DiCE,4,1.0297
Taiwan_Credit,DiCE,4,0.7537
Taiwan_Credit,DiCE,4,0.7138
Taiwan_Credit,DiCE,4,0.6072
Taiwan_Credit,DiCE,5,1.1852
Taiwan_Credit,DiCE,5,0.6416
Taiwan_Credit,DiCE,5,0.4
Taiwan_Credit,DiCE,5,0.9409
Taiwan_Credit,DiCE,5,0.9434
Taiwan_Credit,DiCE,5,0.7057
Taiwan_Credit,DiCE,5,0.1188
Taiwan_Credit,DiCE,5,0.42
Taiwan_Credit,DiCE,5,0.47
Taiwan_Credit,DiCE,5,0.14
Taiwan_Credit,DiCE,5,0.19
Taiwan_Credit,DiCE,5,0.1381
Taiwan_Credit,DiCE,5,0.9268
Taiwan_Credit,DiCE,5,0.1525
Taiwan_Credit,DiCE,5,0.38
Taiwan_Credit,DiCE,5,0.504
Taiwan_Credit,DiCE,5,0.835
Taiwan_Credit,DiCE,5,0.31
Taiwan_Credit,DiCE,5,0.9053
Taiwan_Credit,DiCE,5,0.9415
Taiwan_Credit,DiCE,5,0.1333
Taiwan_Credit,DiCE,5,0.494
Taiwan_Credit,DiCE,5,1.0706
Taiwan_Credit,DiCE,5,1.1252
Taiwan_Credit,DiCE,5,1.2535
Taiwan_Credit,DiCE,5,0.3897
Taiwan_Credit,DiCE,5,0.3525
Taiwan_Credit,DiCE,5,0.5741
Taiwan_Credit,DiCE,5,0.1767
Taiwan_Credit,DiCE,5,1.4113
Taiwan_Credit,DiCE,5,0.395
Taiwan_Credit,DiCE,5,0.4581
Taiwan_Credit,DiCE,5,0.1911
Taiwan_Credit,DiCE,5,1.3891
Taiwan_Credit,DiCE,5,0.4
Taiwan_Credit,DiCE,5,0.3562
Taiwan_Credit,DiCE,5,0.3013
Taiwan_Credit,DiCE,5,0.7077
Taiwan_Credit,DiCE,5,0.8967
Taiwan_Credit,DiCE,5,0.6615
Taiwan_Credit,DiCE,5,1.0705
Taiwan_Credit,DiCE,5,0.1275
Taiwan_Credit,DiCE,5,1.7303
Taiwan_Credit,DiCE,5,0.7995
Taiwan_Credit,DiCE,5,0.54
Taiwan_Credit,DiCE,5,0.6518
Taiwan_Credit,DiCE,5,0.6367
Taiwan_Credit,DiCE,5,0.6603
Taiwan_Credit,DiCE,5,0.8333
Taiwan_Credit,DiCE,5,0.1
Taiwan_Credit,DiCE,5,0.6979
Taiwan_Credit,DiCE,5,0.5885
Taiwan_Credit,DiCE,5,0.4675
Taiwan_Credit,DiCE,5,0.1767
Taiwan_Credit,DiCE,5,0.5247
Taiwan_Credit,DiCE,5,0.4533
Taiwan_Credit,DiCE,5,1.083
Taiwan_Credit,DiCE,5,0.6589
Taiwan_Credit,DiCE,5,0.08
Taiwan_Credit,DiCE,5,0.7945
Taiwan_Credit,DiCE,5,0.8409
Taiwan_Credit,DiCE,5,0.15
Taiwan_Credit,DiCE,5,0.6095
Taiwan_Credit,DiCE,5,0.17
Taiwan_Credit,DiCE,5,0.18
Taiwan_Credit,DiCE,5,0.3252
Taiwan_Credit,DiCE,5,0.3833
Taiwan_Credit,DiCE,5,0.212
Taiwan_Credit,DiCE,5,0.3059
Taiwan_Credit,DiCE,5,0.7236
Taiwan_Credit,DiCE,5,0.35
Taiwan_Credit,DiCE,5,0.698
Taiwan_Credit,DiCE,5,0.8223
Taiwan_Credit,DiCE,5,0.4976
Taiwan_Credit,DiCE,5,0.7048
Taiwan_Credit,DiCE,5,0.28
Taiwan_Credit,DiCE,5,0.2905
Taiwan_Credit,DiCE,5,0.6126
Taiwan_Credit,DiCE,5,0.1779
Taiwan_Credit,DiCE,5,0.5592
Taiwan_Credit,DiCE,5,0.8906
Taiwan_Credit,DiCE,5,0.44
Taiwan_Credit,DiCE,5,0.5139
Taiwan_Credit,DiCE,5,0.3633
Taiwan_Credit,DiCE,5,0.4533
Taiwan_Credit,DiCE,5,0.5567
Taiwan_Credit,DiCE,5,0.8887
Taiwan_Credit,DiCE,5,0.1
Taiwan_Credit,DiCE,5,1.1627
Taiwan_Credit,DiCE,5,1.2174
Taiwan_Credit,DiCE,5,0.4849
Taiwan_Credit,DiCE,5,0.6812
Taiwan_Credit,DiCE,5,0.3788
Taiwan_Credit,DiCE,5,0.3633
Taiwan_Credit,DiCE,5,0.62
Taiwan_Credit,Wachter,4,0.1308
Taiwan_Credit,Wachter,4,0.1528
Taiwan_Credit,Wachter,4,0.2269
Taiwan_Credit,Wachter,4,0.1292
Taiwan_Credit,Wachter,5,0.15
Taiwan_Credit,Wachter,5,0.2594
Taiwan_Credit,Wachter,4,0.2308
